,Date,User,Tweet
0,2022-11-14 02:50:13+00:00,CBDATDUDE,üòÇüòÇ trash ass receiver bro ü§¶üèæ‚Äç‚ôÇÔ∏è üòÇ https://t.co/ApJb0W4DIL
1,2022-11-14 00:56:06+00:00,CBDATDUDE,ü§¶üèæ‚Äç‚ôÇÔ∏è ü§¶üèæ‚Äç‚ôÇÔ∏èü§¶üèæ‚Äç‚ôÇÔ∏èü§¶üèæ‚Äç‚ôÇÔ∏è
2,2022-11-14 00:53:24+00:00,CBDATDUDE,Da seatbelt ‚Äòstrapped‚Äô celebrations by DBs by far my favorite
3,2022-11-12 23:17:29+00:00,WoodyBarnett,@Ben_Jones88 Ok Mister Twister
4,2022-11-12 23:09:59+00:00,CBDATDUDE,https://t.co/JNC3936rmO https://t.co/1gANajnE8l
5,2022-11-12 15:51:50+00:00,CBDATDUDE,@XXL Looking for trouble
6,2022-11-11 06:07:09+00:00,CBDATDUDE,1‚Äôs hands down https://t.co/luoSmaeTTC
7,2022-11-08 03:05:49+00:00,CBDATDUDE,https://t.co/heCTAQQQWG https://t.co/5BW71dIhcl
8,2022-11-08 02:39:00+00:00,CBDATDUDE,Takin u out like a gentleman ü§£üòÇüòÇ https://t.co/yoNEds808j
9,2022-11-08 02:34:22+00:00,CBDATDUDE,"I kno some of y‚Äôall fuck wit wat 21 said, or even duck wit G herbo or Kodak‚Ä¶ but dat lil nigga Uzi really HIM"
10,2022-11-07 04:59:22+00:00,CBDATDUDE,"Not gonna lie, I been on a mission 4 dat Cran-tropical n I hate all y‚Äôall‚Ä¶ I ain‚Äôt seen a bottle yet üñïüèæüñïüèæüñïüèæ"
11,2022-11-07 01:52:36+00:00,CBDATDUDE,Kirk Cousins has to be stopped üòÇ
12,2022-11-07 01:51:38+00:00,CBDATDUDE,"I be feigning for dat shit so when wifey let me get on dat side, HYFR! https://t.co/4yiqR59UFc"
13,2022-11-07 01:45:11+00:00,CBDATDUDE,"Lock her ugly ass up, dumb hoe‚úåüèæ https://t.co/vtpiFPPYmk"
14,2022-11-06 03:15:05+00:00,CBDATDUDE,Dem 6 rules for Kyrie gotta be da last straw for my boy. Just say duck da Nets my boy
15,2022-11-03 00:28:41+00:00,Mister_6ixxx,Chris Barnett is a beast https://t.co/JOTkQ8FIlu
16,2022-10-26 01:24:54+00:00,Martinez_Lucas1,@mister_klo Notts County &gt;&gt;&gt; Barnett
17,2022-10-24 09:23:49+00:00,BulaThe1andOnly,@willo2_ian Ha ha went right off me Barnett mister ü§£..you have a good one Ian.‚ù§
18,2022-10-16 09:12:51+00:00,Granger_Barnett,"@mister_chipson @Nana_Yaw_Jnr_ @CaesarsSports Yeh but WAS it POWER? No doubt he's 'got' the power, but let's be serious, looked more like a bitch slap that sorta got lucky (yes I know  he meant to hit him, but got lucky imo)"
19,2022-10-14 01:55:30+00:00,myself4_a,‚ÄúYou are a pathetic creature mister if you think you are exerting your manhood by putting your feet up on my desk‚Äù -@SpeakerPelosi on Richard Barnett ü§£ üî• https://t.co/4Hd7aBWni2
20,2022-10-08 21:31:31+00:00,Barnett_College,"@agraphafx @walas_chris You are absolutely right, mister. Not even in the USA. https://t.co/LLJQWIa9BW"
21,2022-10-03 13:37:51+00:00,tennis_mister,"#TheTeam Doubles VIP Channel starting the day with some money üíµ

WTA OSTRAVA &amp; ATP TOKIO üá®üáøüáØüáµ

üá¨üáßBarnett &amp; Nicholls + üáßüá™Gille &amp; Vliegen MLP -141 (1.50u) ‚úÖ‚úÖ

+$111.99 üíµ (+1.12u)

‚ù§Ô∏èü´° https://t.co/62u1Onu37S"
22,2022-09-30 20:44:09+00:00,mcginnisrichar2,"@MacFarlaneNews 
Mister Barnett's problem could have been solved by staying home"
23,2022-09-11 00:28:58+00:00,Mister_Rozay,Chris Barnett is absolutely ELECTRIC and should be allowed to weigh whatever he wants. #UFC279
24,2022-08-28 15:19:12+00:00,Liz_Barnett_,@Marcus72515224 @WestYorksPolice *Misper not mister (üôÑ autocorrect - these things happen) Misper is police shortening for missing person. Just in case you were wondering.
25,2022-08-28 11:51:46+00:00,Liz_Barnett_,"@Marcus72515224 @WestYorksPolice Please assume they are correct unless you have information to the contrary. They could be incorrect as the missing person may change her clothing, hair or appearance at any time. We might also receive further information that changes the info above. Mister enquiries are fluid."
26,2022-07-18 03:28:49+00:00,Mister_D7,Derek Barnett celebrating that someone else jumped https://t.co/t67sNl7yIL
27,2022-06-10 17:42:38+00:00,Mister_Ambrose,"@bennewmark #fridayfive remembering the town it comes from...

Some absolute rippers from and about my home town... üá¶üá∫

1. From St Kilda to King's Cross - Paul Kelly
2. Stony Creek - Xavier Rudd
3. Riptide - Vance Joy
4. 4 seasons in one day - Crowded House
5. Depreston - Courtney Barnett"
28,2022-05-11 02:09:11+00:00,MariaCostelloe,"Right to the little bastard running out the gate one day, no gas leaks, and then since then their has been, so perhaps a constant supply of oxygen, as for the courses on the Fetch website, again, what the hell are you up to. As for the comment towards mister Barnett, senior,"
29,2022-04-28 19:13:52+00:00,barnett_john_s,"@RealMiniAOC Congressman, Senator, Mister President."
30,2022-04-24 18:34:45+00:00,Mister_Villers,@LBC @daniel_barnett I saw someone on here describe him as a haunted pencil and I can't un-see it ü§£ what a walking joke shop of a man
31,2022-04-16 10:46:44+00:00,mattymoy__,@Mister_Brown02 @lyng62 Barnett even.
32,2022-04-08 18:27:13+00:00,TristanUCF1,@SawMarvelous @GHOSTxx20 @juleykalistya @FabrcioSantosL1 @Hassan_Saby @17Jgba @callumdalton99 @chilldoodlesnft @edwin________x @Mister_Libidine @MikeeCorel @L_Barnett_ @pymhy1983 @VSeurynck @cryptobilllio @orientemfarm @carldelafuente
33,2022-04-05 15:34:52+00:00,As_TomasRoncero,"... la espalda. Y se meti√≥ en el gimnasio. Ya est√° bien de tomar por idiotas a los madridistas. El desagradecido es aquel que no valora el privilegio de defender el escudo del mejor club de la historia. RESPECT, MISTER BARNETT."
34,2022-04-05 04:09:41+00:00,RyanWaugh5,Never reject Sarah CrystaL Waugh! Never demote Sarah CrystaL Waugh! Never invite ''''Mister 'Christopher Barnett'''''! Never invite ''''Mister 'Chris Barnett'''''! Never invite ''''Mister 'Georg Friedrich Ferdin√§nd Prinz Von'''''! Never invite the Lamanites' f√§miLies! Never dive!
35,2022-04-05 04:09:40+00:00,RyanWaugh5,Never invite ''''Mister 'Lars Erik Frederiksen'''''! Never invite ''''Mister 'John Johnston'''''! Never invite ''''Mister 'Lars Frederiksen'''''! Never invite ''''Mister 'Aaron Hunt'''''! Never invite ''''Mister 'CoLe Webster'''''! Never invite ''''Mister 'Chris. Barnett'''''! üá∫üá≤
36,2022-03-29 07:07:51+00:00,whitbit101,@BoringApeYClub @Hassan_Saby @17Jgba @callumdalton99 @chilldoodlesnft @edwin________x @Mister_Libidine @MikeeCorel @L_Barnett_ @pymhy1983 @VSeurynck @cryptobilllio @orientemfarm @carldelafuente @skownicolas @BryanV2809 @Levi82919011 @Alessandro404NF
37,2022-03-18 00:36:00+00:00,Mister_Miracle,"@noah__barnett @MatthewBorowsky @minakimes @richeisen Yeah, but the money only works in year one ‚Ä¶ after that Adams either gets his money can is blamed when the team has no flex, or gets dealt anyways to clear space ‚Ä¶ if I was Adams, I‚Äôd have turned their sorry asses down too ‚Ä¶"
38,2022-02-08 02:38:33+00:00,HanoverHustler,"@leggomyszabo Gets better year after year. Fun Fact: I saw his 1st pari mutuel win at Freehold in 2011. Last race of the day. Mister Barnett N. 
You can ask him yourself"
39,2022-01-19 16:12:03+00:00,barnett_bwe,"-Mister,
Your eyes are full of hesitation,
Sure makes me wonder,
If you know what your looking for-"
40,2022-01-18 19:00:56+00:00,LittleItalySD,"Have you seen our abstract Mona Lisa mural? It's based on chalk art the students of WA Elementary STEAM Magnet School created for 2014 FESTA! It was made using blocks of color in Minecraft style &amp; w/ assistance from artist Jayne Barnett, their work became a staple. üì∏@mister.koko https://t.co/RWuIVVCjDP"
41,2021-12-24 04:12:25+00:00,coby_barnett,@KDawson27341870 @mister_wynn Did hear a rumour..
42,2021-11-24 17:40:26+00:00,Maxcalderon57,@elchiringuitotv YO ya me estoy imaginando que esta noche si tocan ese tema ser√° de manera muy sutil por parte de los comentaristas del REAL MADRID para NO hacer enojar m√°s a m√≠ster BARNETT y seguir con la campa√±a medi√°tica TODOS contra XAVI HERN√ÅNDEZ y el FC BARCELONA ese tema los entretiene
43,2021-11-24 17:36:09+00:00,Maxcalderon57,@elchiringuitotv VAMOS PEDREROL intenta ser VALIENTE con m√≠ster BARNETT y le respondes a ese comentario sobre los aficionados del REAL MADRID es un calificativo muy fuerte si ese comentario lo hubiese hecho alguien del FC BARCELONA hoy es TRENDING TOPIC en el chiringuito pero hay mucho temor
44,2021-11-12 21:09:53+00:00,hidderoorda,Bijna vergeten dat Kurt Viles sister from another mister Courtney Barnett een nieuwe plaat heeft. Fijn weer hoor.
45,2021-11-06 23:43:03+00:00,osman1030,"@espnmma Very warm speech 
This guy is fabulous good luck for the future Mister Barnett"
46,2021-11-03 18:10:38+00:00,mj_yourrealtor,"Looking for a new favorite restaurant? Consider Mister O's! Has anyone already been there?

MJ Barnett
Realtor #01827416
Your Real Estate Partner
818.624.7005 https://t.co/rlnvx41zKM https://t.co/MMDxZTdmwb"
47,2021-10-17 17:58:31+00:00,RyanWaugh5,@OnlyInBOS @RyWaugh @RyanAndrewWaugh Never invite ''''Missess 'Rachel Meghan Markle Mountb√§tten'''''! Never invite ''''Mister 'Christopher Barnett'''''! Never invite ''''Mister 'Christopher Eccles'''''! Never invite ''''Mister 'James Spencer M√§tthews'''''! Never invite ''''Mister 'Tate Dunh√§m'''''! Always be good!!! https://t.co/GPXh86DyNA
48,2021-09-28 14:04:57+00:00,mister_bridger,@BillHarvey2 Riding my 1962 Francis Barnett reminds me what progress has been made since!
49,2021-09-26 19:40:21+00:00,Mister_Veritas,generally not a Courtney Barnett fan but even i will admit that there are times when an aussie lady talk yelling at you over a loud strat riff fucking hits
50,2021-08-04 11:53:11+00:00,Barnett_College,"#IndianaJones #LC 
Indy: What happened to Marcus, Sallah?
Sallah: Ah, they set out across the desert this afternoon. I believe they took Mister Brody with them.
Henry: Now they have the map! And in this sort of race, there‚Äôs no silver medal for finishing second. https://t.co/nCsBr1gV7u"
51,2021-07-13 11:38:38+00:00,mister_sid_,@14hABeyrouth Jonathan Barnett
52,2021-07-09 02:34:30+00:00,thejaguarback,"also if you haven't seen mister barnett's earlier fights, you should go watch them. the babyfaced assassin was definitely one of the more consistently compelling fighters in the ring for pretty much the whole time he was in ufc"
53,2021-07-09 02:34:29+00:00,thejaguarback,mister barnett i care you https://t.co/xoHfkdGFZ7
54,2021-04-29 19:13:24+00:00,pina_peppi,"Mister Barnett!!!!!!!
#upas"
55,2021-04-20 15:32:31+00:00,Barnett_College,"@SpaceRaptor @amblin @ParamountPics @IndianaJones @KennedyMarshaII ?
Mister, incredible you think it is necessary to point out a typo after all the task we're doing here day by day.
Thank you anyway."
56,2021-04-09 18:53:13+00:00,carminebi,Mister Barnett vedr√† ora lo yacht con il binocolo #upas
57,2021-04-07 18:38:41+00:00,RcForza,"@nascarfan170 @John_C_Barnett @DLand91 Actually Covid cases are going up, even with vaccinations, and also, so wrong it‚Äôs not even close, you are currently 10 times more likely to die from Covid than a car accident. But please mister expert, keep going."
58,2021-02-18 12:35:30+00:00,GorkaObu,"Jonathan Barnett: ‚ÄúPreg√∫ntenle a Mou por qu√© no juega Bale‚Äù.
No ser√° mejor preguntarle a usted y a su representado, POR QU√â NO JUEGA CON NING√öN MISTER?
#GarethBale #TottenhamHotspur #Mourinho"
59,2021-01-12 10:30:12+00:00,AlanKelloggs,@pollybirkbeck @MatofKilburnia @Mister_Woodo @abstex Emma Barnett.
60,2021-01-09 15:00:12+00:00,HerbonHoops,Out of the Mister Iba 10 Defense which meant if your man didn‚Äôt have the Ball you had 1 Foot in the Lane in turn created JD Barnett‚Äôs Ball-Line and Dick Bennett‚Äôs Pack-line were created!!!
61,2021-01-08 01:50:20+00:00,JackMc185,"@FBI meet Mister Barnett of Gravette, Arkansas https://t.co/2o7Deb2BjL"
62,2021-01-07 03:32:17+00:00,TheJamesRocket,"Let‚Äôs make sure mister Barnett gets a new living arrangement. Federal charges are in order, I‚Äôd say. https://t.co/PHNEbC7EUQ"
63,2021-01-07 02:42:40+00:00,Cedarflame,@The_Raven42 And MAGA is trying to push this guy off as Antifa ? Mister Barnett's ass will be in jail next week this time.
64,2020-12-29 23:39:53+00:00,co_hospital,"@J741258 @barnett_curtis @seanhannity Mister, I have worked 37 years in family practice and emergency medicine! This is no cold! This is Cov-SARS virus! Please google data virus and read! I have never seen anything like this and thank God we have treatments and a vaccine!!!"
65,2020-12-21 18:23:05+00:00,barnett_no,"@BarnettforAZ hey Mister the election was stolen but we can‚Äôt prove it. Barr the man you loved until you didn‚Äôt said this

https://t.co/VLZmQj6Zrb"
66,2020-11-30 15:39:39+00:00,MisterPheeny,@Barnett_TOHT Idk if I'll make it for jay and silent bob but I'll be there in time for a knight's tale!
67,2020-11-22 21:58:05+00:00,TonioGG,"Outre ¬´¬†Les Paysans¬†¬ª, Patricia Mazuy faisait allusion aux ¬´¬†Aventures extraordinaires de Mister West au pays des Bolcheviks¬†¬ª de Lev Koulechov, et aux com√©dies de Boris Barnett (¬´¬†La jeune fille au carton √† chapeau¬†¬ª, ¬´¬†Au bord de la mer bleue¬†¬ª, entre autres). Et merci ! https://t.co/DaUJYTseAg"
68,2020-10-27 00:30:07+00:00,freehawk,"@zach_barnett @FootballScoop Mister Gambini, your objection was lucid and coherent.
OVERRULED"
69,2020-10-14 19:08:05+00:00,aquariusbutch,"@Devmetsteel ok mister sports fanatic, i don't give a fuck about what biden's done, &amp; i don't like him. this is about amy coney barnett who, as someone who believes in only interpreting the constitution with what is strictly written, cannot summarize the first paragraph of the bill of rights"
70,2020-08-05 23:30:51+00:00,MedSeideh,"@elchiringuitotv El ChiriCirco trabaja por Barnett. Zizou no es El Rey, pero es El Mister."
71,2020-08-05 23:27:14+00:00,MedSeideh,"@elchiringuitotv @jpedrerol Pedreroche empieza trabajar por Jonathan Barnett. Liga y Super Copa y vivo en Champions, Zizou es el Mister. Hala Madrid."
72,2020-07-17 21:37:07+00:00,HisNameWasEric,"@Mister__27 @er1c_barnett @davidleconte97 Yea ik, I like these but that neon green liner on the jersey was unique imo"
73,2020-07-17 21:36:11+00:00,Mister__27,"@ThisIsEricKenny @er1c_barnett @davidleconte97 You‚Äôre right, think it was 2 years ago. Those jerseys were sweet too, smh"
74,2020-07-17 21:34:50+00:00,HisNameWasEric,@Mister__27 @er1c_barnett @davidleconte97 That‚Äôs what I‚Äôm sayin I‚Äôm almost positive Trae young‚Äôs rookie year was the firs year they had the new Unis lol
75,2020-07-17 21:34:01+00:00,Mister__27,@er1c_barnett @ThisIsEricKenny @davidleconte97 Weren‚Äôt they new last year? Wack lol
76,2020-07-17 19:58:27+00:00,er1c_barnett,@Mister__27 @ThisIsEricKenny @davidleconte97 It‚Äôs a complete uniform overall. They‚Äôll all be new
77,2020-06-29 21:45:31+00:00,mousley_tamara,@mister_brickz @kc_barnett @YardsPerPass @NateSilver538 Ignorance is their middle name!
78,2020-06-05 14:00:43+00:00,Tucomunio,"#Comunio #Futmondo #Biwenger #Fantasy #Mister:
‚ÄúBale habla espa√±ol, algunos se vuelven idiotas en televisi√≥n"".
https://t.co/TiyHXqdb0M

Jonathan Barnett, agente de Gareth Bale, que el verano pasado, cuando el gal√©s parec√≠a estar a un paso de salir del Madrid, dijo que Zida..."
79,2020-04-12 13:09:43+00:00,HelenRo41328161,@Mister_Scottish Health is devolved so ScotGov can increase health workers salary if they choose to. Of course they would need to fund it and not rely on Barnett money. It appears you don't know how the system works.
80,2020-04-11 10:04:23+00:00,Mister_Brown02,"@DesignedToFade @BuzzRothfield Exactly. Unless uncle Nick can also cancel Ponga‚Äôs suspension, Brailey‚Äôs knee and Barnett‚Äô neck then well keep those hard earned pound thanks"
81,2020-03-28 23:57:24+00:00,C_B_Barnett,"@Gust_Jonathan ‚ÄúWolfman Jack, he‚Äôs speaking in tongues.‚Äù
‚ÄúPlay ‚ÄòThe Old Rugged Cross.‚Äô‚Äù
‚ÄúHate to tell you, mister, only dead men are free.‚Äù
Many themes related to #Theology, as usual for #BobDylan. Poignant song in any case. New album on the way?"
82,2020-03-04 01:48:14+00:00,krystalthatxo,Barnett over here like mister steal yo girl
83,2020-02-20 17:26:56+00:00,mister_nubi,"Jessica is not over Barnett. Man, Jessica is bad vibes really bad vibes."
84,2020-02-19 14:06:55+00:00,mister_nubi,"Wow, Barnett. Leading ladies on unprovoked. https://t.co/zt5X25kLif"
85,2020-02-18 23:46:46+00:00,fishlessfingers,@Rauss_Mc Barnett is mister steal your girl
86,2020-02-08 05:01:04+00:00,Tucomunio,"#Comunio #Futmondo #Biwenger #Fantasy #Mister: Barnett: ¬´Gareth ama el Real Madrid, la ciudad y su vida all√≠¬ª https://t.co/nO2eXtUKBl"
87,2020-01-05 07:11:31+00:00,SpbStephen,@Wass2020 @jones4whitegate Good old mister Barnett.....
88,2020-01-02 22:08:38+00:00,santi_bauza,"@gabykirschner Good year 2011 but I feel the need to recognise the year that saw the return of the Libertines release of Currents, Mister Asylum, the Courtney Barnett debut, No Cities to Love, St. Vincent's S/T and the best one of the whole decade, TPAB. Also, I consider SIAS to be their worst."
89,2019-12-22 10:23:29+00:00,AdamFle81691018,"@arielhelwani Say what you will about Mister Barnett but I call bullshit on anyone saying that they could fight while in the middle of dealing with kidney stones. Get to feeling better soon, Josh. Baths as hot as you can stand them should help."
90,2019-12-16 17:52:13+00:00,UTMBPOLICE,"Our talented band‚Äôs Christmas video!Mister Meanor - Run Rudolph Run (from Sharp Dressed Santa) https://t.co/kSyGylPYMC via @YouTube  T. Vann (Security Operations), PSO A. Lima, Sgt S. Gibbs, Sgt S. Carr, Sr Det G. Gaona with a cameo from K9 Jay, and Telecommunicator J. Barnett!"
91,2019-12-06 20:03:00+00:00,shebangsthedrum,@Ebbrell67 Oh baby üòè (photos of the Paul bracewell barnett will mister much more sympathy.
92,2019-12-06 16:37:18+00:00,willow_catelyn,"@erinprovolone Bob Dylan covers album tracklisting
""these are the days"" by the ten thousand maniacs
""depreston"" by courtney barnett
""please mister bond, i'm begging you to vote"" by willow maclay
""judas"" by fozzy"
93,2019-11-30 14:12:54+00:00,BearGap1,THAT'S  MISTER Barnett https://t.co/apwNi0K14J
94,2019-11-15 01:33:07+00:00,Mister_Ashmore,"November 25 &amp; December 10 at 4:30pm at Barnett House (ATA building) I‚Äôll be leading a book study of @MrHebertPE first book. 

If you are interested in joining PM and I‚Äôll share the details. This is open to all EPSB teachers. #epsb"
95,2019-10-23 12:34:20+00:00,soundofus,"New songs by Courtney Barnett / Wire / Mister Goblin / Woolworm / Little Dragon / added to monthly @Spotify playlist ""A Different October"" #DiscoverDaily https://t.co/zR0pmkmOS6 https://t.co/Ba0t9CdN0J"
96,2019-10-08 02:53:13+00:00,PostSurgeOp,"@pr_barnett The U.S. is a democratic republic. It is also a constitutional democracy. These are not contradictory terms, mister PhD . https://t.co/4rEZp9Cejx"
97,2019-10-01 09:47:13+00:00,paulkerry67,Can we have a double act of Jeremy Pacman and Emma Barnett interviewing the Prime Minister's mister. Let's see what he's really like. Like jelly me thinks.
98,2019-09-27 04:44:46+00:00,Mister_D7,@eaglescentral @HisStankness Barnett won so much. Any other QB takes a few more sacks
99,2019-09-27 04:22:21+00:00,Mister_D7,@BGN_Radio @BrandonGowton Barnett is #good
100,2019-09-27 01:32:29+00:00,Mister_Dennis,But yet Barnett remains in the game. Wonder if @nflcommish has ever watched college football? #targeting https://t.co/jmLqtofbDz
101,2019-09-25 08:51:31+00:00,markkavanagh8,"@sharpeleven It was stomach churning surely the director general can see what's going on... Maitlis Kuenssberg Robinson Barnett Bruce it is like the Tory party press team are presenting the news, giving some dystopian vision should Corbyn ( never Mister or Jeremy) be elected very disturbing"
102,2019-09-24 17:51:51+00:00,PI3GUB,"@Mister_Fringe @elskedesign @BrammahAshley Yeah but bizarrely we send taxes to London and get back some of that to run a country. By the Barnett formula if London reduces the NHS funding (which it has) Scotland gets a comparable reduction.
Have a think about that for a second."
103,2019-09-08 01:57:43+00:00,mattfsu77,Barnett is gone tonight. Trust me.  Better be. Gotta fire him or it's you Mister Do Something.
104,2019-08-21 23:35:10+00:00,RosemildoFerre1,"Olen Barnett's Memorial Page https://t.co/2pvZ6IX5Mq

Good Night mister,OlenBarnett,s"
105,2019-07-30 04:03:16+00:00,Tucomunio,"#Comunio #Futmondo #Biwenger #Fantasy #Mister: La verdad del ‚Äòcaso Bale‚Äô: el jugador, Zidane, Barnett‚Ä¶ https://t.co/BIX89ifLLW"
106,2019-07-21 12:44:46+00:00,iBranx,"Se√±or Barnett cuanto da√±o ha hecho usted a @GarethBale11 .
Zidane no es una verg√ºenza, es nuestro m√≠ster, y si opina a Bale est√° fuera del Madrid todos le apoyamos.
¬°Hasta nunca! https://t.co/NQNpOPfnPK"
107,2019-03-15 02:04:22+00:00,pr_barnett,@Tweets4MAGA With the sound off he looks like Mister Rogers after he's had a psychotic break...
108,2019-03-12 18:02:08+00:00,Tucomunio,"Noticias #Comunio, #Futmondo, #Biwenger, #Fantasy, #Mister : Barnett, a As: ‚ÄúBale estar√° en el Madrid mientras le qu https://t.co/uVpUoVpNXq"
109,2019-03-04 17:30:29+00:00,pr_barnett,"@JessieJaneDuff ""Mister Tuvok, if you're going to remain on my ship, you're going to have to learn how to appreciate a joke. And don't tell me Vulcans don't have a sense of humour, because I know better."" 
@GeorgeTakei"
110,2019-03-04 14:14:51+00:00,tonny_316,"Bale's agent: Madrid fans are nothing but a disgrace üôÑ
Mister Jonathan Barnett, Get the fuck out of my club and take your ""beast with a body of 1 mm glass"" with youüò†üò†üò†ü§¨ü§¨üò°üò° #HalaMadrid #baleout"
111,2019-01-28 14:30:22+00:00,FredRogersPro,"Break a sweat! From 1972 - 2001, Marilyn Barnett stopped by Mister Rogers' television house to show him ""workouts"" that children would be able to do at home. Watch clips of Marilyn's visits on our new website dedicated to Mister Rogers' Neighborhood: https://t.co/gnRCVCDK56 https://t.co/n3XQ4l1OS2"
112,2019-01-23 02:24:00+00:00,Mister_is_on,"""Comedian Kevin Barnett dies at age 32""  https://t.co/GtLh4An9gk"
113,2019-01-03 01:04:11+00:00,JesseWiza,"""When together, Sleeman &amp; Barnett finish each other's sentences ... and generally carry on with a collective gentle demeanor that is a cross between Mary Poppins &amp; Mister Rogers ‚Äî with a hint of Britney Spears from the 'Joy of Pepsi' commercial."" https://t.co/9ZTk5pim3S"
114,2018-12-02 22:06:04+00:00,BubbaMikulec,@BoozingAg @zach_barnett Mister steal you catch phrase here!!
115,2018-11-21 03:04:12+00:00,Beyond_Global,"https://t.co/dM3ivIyoTI

1st ever mixtape featuring Bri'Yonnie Horton / Nice/ Regal KnownAs Smooth / Deshawn Barnett / Mister Hennings / dell / ar' jay stackz https://t.co/dM3ivIyoTI"
116,2018-11-10 04:23:05+00:00,work_sender,Robert Barnett ‚Äì Hello Mister¬†Kerr https://t.co/wbtb1iESYb https://t.co/QguSQapjp6
117,2018-11-10 04:22:44+00:00,olamidekolade17,Robert Barnett ‚Äì Hello Mister¬†Kerr https://t.co/1wXynY9W1w https://t.co/5MQjwBWm5G
118,2018-11-10 04:22:43+00:00,broadtube1,Robert Barnett ‚Äì Hello Mister¬†Kerr https://t.co/o8JJ9ghwCC https://t.co/AwUZbbsY2U
119,2018-05-25 00:09:35+00:00,GavinL_Barnett,Anyone who talks shit about mister rogers is gonna get fuckin slapped
120,2018-05-23 18:03:10+00:00,LemonyLilly2,does mister barnett EVER stop talking? my god dude
121,2018-05-09 01:39:53+00:00,Debbie_Sinatra,@BHWLAWFIRM Congrats Mister Barnett!  Many of us are so appreciative you passed it with flying colors~
122,2018-05-06 08:26:54+00:00,TekstoviPesama,Robert Barnett - Hello Mister Kerr https://t.co/qZPZsYXu9i
123,2018-04-27 18:14:08+00:00,MusicVideoGurus,Robert Barnett - Hello Mister Kerr [Pop] [2018] Dir. R. Barnett/surreal 60's like animation https://t.co/U5jG7oVYqY
124,2018-04-26 16:24:14+00:00,AriBFriedman,@JeremySussman @ml_barnett Either Mister P or make very good friends with your neighborhood Bayesian.
125,2018-04-26 15:16:51+00:00,JeremySussman,@ml_barnett Isn't that basically what Andrew Gelman's Mister P is about?  https://t.co/IiJ7bUkjCi  https://t.co/Rtf2Iu1src
126,2018-04-24 16:53:39+00:00,sssergioHAA,Nueva favorita: Robert Barnett / Hello Mister Kerr https://t.co/423yXAZuS1 @DeezerLatam
127,2018-04-23 16:18:05+00:00,NeiltonCostaa,Nova adi√ß√£o √†s Mais queridas: Robert Barnett / Hello Mister Kerr https://t.co/W2UYDmN9l9 @DeezerBR
128,2018-04-18 03:36:56+00:00,Mister_Cove,"God so many bands from Australia fucking killing it. King gizzard, hockey dad, psychedelic porn crumpets, Courtney Barnett, rolling blackouts, dune rats. Let's move to Melbourne."
129,2018-04-13 01:28:21+00:00,cjones,#ListenToThis: Hello Mister Kerr by Robert Barnett #NowPlaying on @Napster https://t.co/ejD38jjScI
130,2018-03-07 21:37:20+00:00,Mister_D7,@PFF_Mike Curry is definitely a huge loss but the Cap is the Cap and at least there is a decent one year replacement with Barnett getting more reps
131,2018-02-05 03:04:31+00:00,Mister__Cook,Derek Barnett!!!!
132,2018-01-01 23:14:23+00:00,Psychonaut77,"8.Outrage! Is Now - @dfa1979 
9.Lotta Sea Lice - Courtney Barnett &amp; Kurt Vile
10.Crack-Up - Fleet Foxes
11.Mister Mellow - @realwashedout 
12.Sleep Well Beast - @TheNational 
13.Good Time - @0PN 
14.There Is No Love in Fluorescent Light - @youarestars 
15.Late Show - @thebeaches"
133,2017-11-06 23:16:01+00:00,GavinL_Barnett,"They‚Äôre lucky I didn‚Äôt lose any streaks, I was two seconds away from assassinating Mister Snapchat."
134,2017-09-03 17:03:41+00:00,mister_pec,Courtney Barnett &amp; Kurt Vile - Over Everything (Official Video) https://t.co/b3xOkOZ83X via @YouTube
135,2017-05-22 18:36:22+00:00,T50red,@MartinDaubney Would a Mister Barnett have been so lucky? Doubtful
136,2017-04-28 16:39:42+00:00,Mister_D7,@the701level Clapt Barnett right the clap up
137,2017-04-28 03:54:35+00:00,drawohreklaw,@mister_db13 Barnett
138,2016-12-31 00:06:10+00:00,Mister_Nease,BARNETT
139,2016-12-30 23:55:53+00:00,Tabby_Barnett,"Happy day of birth to my sister from another mister @mdoylee123!! Love you lots, enjoy your day and MAYBE LEAVE POOH ALONE THIS YEAR üéâüéàüéä https://t.co/XwbcIIuKoK"
140,2016-10-08 23:56:38+00:00,Mister__Cook,Barnett we need you here
141,2016-09-17 12:18:22+00:00,southwin28,@johndory49 Why is Barnett suddenly Mister Stinky to his own party?
142,2016-07-18 01:39:43+00:00,mister_pec,Courtney Barnett - Elevator Operator https://t.co/eWu88EmXaM via @YouTube
143,2016-06-23 15:21:27+00:00,el_mister_pi,"Courtney, te quiero mucho! :3
#NowPlaying Depreston by Courtney Barnett ‚ô´ https://t.co/shpstLIcch"
144,2016-06-01 00:44:17+00:00,Queenknappy,@alizeelovee_ @AustN_Barnett yes it is on your diploma misterüòëüòë
145,2016-05-23 17:51:36+00:00,barnett_ben,"Alan Young, Wilbur on ""Mister Ed,"" dead at 96 https://t.co/CXKh4dIFfe"
146,2016-05-23 12:01:12+00:00,barnett_ben,"Alan Young, Wilbur on ""Mister Ed,"" dead at 96 https://t.co/NfrsUF4ypx"
147,2016-05-22 19:49:40+00:00,barnett_ben,"Alan Young, Wilbur on ""Mister Ed,"" dead at 96 https://t.co/Rxmku2WISr"
148,2016-05-13 15:27:55+00:00,el_mister_pi,"Courtney Barnett para el alma &lt;3
https://t.co/VlkCY0LNad"
149,2016-05-06 18:51:11+00:00,mister_melIow,Courtney Barnett - Depreston
150,2016-03-19 07:55:02+00:00,mister_melIow,Courtney Barnett - Pedestrian At Best
151,2016-02-16 03:18:05+00:00,mister_melIow,Courtney Barnett has my soul‚ù§
152,2016-02-07 05:25:27+00:00,Pa_barnett,"Throw me something mister!
#mardigras #mardigras2016 #lafayette‚Ä¶ https://t.co/y2jJ9oyKdO"
153,2016-02-03 20:21:35+00:00,joshuawilkes420,Led Zeppeli since 1982 he renter my life again woman I know iknow it good htat kevin Barnett came baack but start crawling mister king snake
154,2016-02-02 06:37:50+00:00,mister_melIow,Courtney Barnett - Pedestrian At BestüòÖüôè
155,2016-01-30 20:09:32+00:00,mister_melIow,"Guys, I just came across a dope, dope album... Courtney Barnett's ""Sometimes I Sit and Think, and Sometimes I Just Sit"" is amazingüò≠"
156,2015-12-26 06:25:46+00:00,MISTER_SG,Go follow my friend nichole_barnett help her out people https://t.co/DBGPV1sgmN
157,2015-12-08 11:17:55+00:00,Say_Nothin,A new Say Nothin favorite: Mister Wonder Man (by Jack Morefield &amp; Chris Barnett) by @mrchrisbarnett https://t.co/cf6H8TaRDl on #SoundCloud
158,2015-12-07 15:26:19+00:00,Luca_Cunial,"New Artist: Courtney Barnett
Electronic Album: In Colour//Jamie xx
Rock Song: Dont Wanna Fight
Rock Album: Mister Asylum
Alt Album: Currents"
159,2015-11-22 23:29:00+00:00,DjKAROUH,"Listen to Mister Wonder Man (by Jack Morefield &amp; Chris Barnett) by Wild Christopher #np on #SoundCloud
https://t.co/N5edHiwmOW"
160,2015-11-22 01:42:13+00:00,mrchrisbarnett,#Saturday #Night - Time For Mister Wonder Man? (by Jack Morefield and Chris Barnett)‚Äô on #SoundCloud #np #38special https://t.co/Flyuk91Wgv
161,2015-11-21 09:33:24+00:00,DjKAROUH,"Listen to Mister Wonder Man (by Jack Morefield &amp; Chris Barnett) by Wild Christopher #np on #SoundCloud
https://t.co/YwO3R08WJo"
162,2015-11-21 02:35:40+00:00,SergioCortesA,A new favorite: Mister Wonder Man (by Jack Morefield &amp; Chris Barnett) by @mrchrisbarnett https://t.co/ek3n3AbT2Q on #SoundCloud
163,2015-11-21 01:31:14+00:00,mrchrisbarnett,"""Mister Wonder Man"" by Jack Morefield and Chris Barnett‚Äã  #new Tonight!  Will you #drink to that? #SoundCloud #np https://t.co/Flyuk9jx83"
164,2015-11-09 22:10:52+00:00,Mister_Trout,"Me, generally.  ‚Äì ‚ô´Nobody Really Cares If You Don't Go to the Party by Courtney Barnett, from #SoundHound https://t.co/tHMHOaV5Px"
165,2015-10-13 13:47:36+00:00,Mister_Loco,Barnett es gilipollas
166,2015-10-11 14:14:49+00:00,Mister_Trout,"Daily mood.  ‚Äì ‚ô´Nobody Really Cares If You Don't Go to the Party by Courtney Barnett, from #SoundHound http://t.co/tHMHOaV5Px"
167,2015-07-22 15:08:01+00:00,alxxx412,@joelle_barnett happy birthday to my sister from another mister‚ù§Ô∏è even though I don't ever get to see you I miss ya &amp; love you bunches!üòö
168,2015-07-14 16:44:48+00:00,RockerShocker__,"@Moka898 Check out artists such as Mister Wives, Courtney Barnett, and Meg Myers. You may or may not enjoy them"
169,2015-07-06 06:59:01+00:00,mister_616,"A Town Called Paradise (feat.Zac Barnett) by Ti√´sto from A Town Called Paradise (Deluxe Version)
#TwitMusic"
170,2015-06-26 06:13:24+00:00,Boodles_Barnett,@xo_jmc I gotchu when I get back lol üòòüòò u know u my lil sister from another mister
171,2015-06-19 04:22:33+00:00,hailey_barnett,"""bye buddy hope u find ur dad""

""thanks mister narwhal"" 

#goals"
172,2015-05-11 19:29:22+00:00,MTAthletics,".@MT_FB season ticket renewal winners:
P.J. Barnett - Auto. football
John Comer - Two Hendrix Club seats
Neil Hughes - Mister B's gift card"
173,2015-05-08 21:25:42+00:00,CMRanapia,"@MsAnna_Jane No more beersies for you, Mister Barnett. No more beersies.  @norightturnnz"
174,2015-05-02 16:15:36+00:00,RacewayFreehold,1st Race Post Time 12:30.  Scratch the 8 Mister Barnett N
175,2015-04-05 08:56:37+00:00,mcouill7,"My Top 3 #lastfm Artists: Mister Lies (20), Courtney Barnett (12) &amp; Mount Kimbie (11) http://t.co/elFpv4qY43"
176,2015-03-24 11:00:17+00:00,pete_records,"Excellent Courtney Barnett article, Mister Familton of Doubtful Sounds. http://t.co/2e76mfyPeM"
177,2015-03-17 10:31:06+00:00,mister_pec,Courtney Barnett Performs 'Depreston': https://t.co/FA1e5Qr78G
178,2015-03-11 16:08:29+00:00,SetDaHook22,Headed North for the Bass Central open on Ross Barnett. Loaded down with Mister Twister ammo! @TwisterFishing
179,2015-02-22 16:29:41+00:00,dannykorporaal,"My Top 3 #lastfm Artists: Courtney Barnett (34), John Coffey (23) &amp; Mister and Mississippi (19) #music http://t.co/OptxAljV3s"
180,2015-02-19 11:30:06+00:00,djmkjay,Something about carnival: me and mister Kevin Barnett! #carnaval #caldasnovas http://t.co/htkHusepKu
181,2015-02-18 14:40:36+00:00,djmkjay,Me and mister Kevin Barnett at Zuum Disco Clib! @kevinbarnettadd thanks for the gifts! üôè‚Ä¶ http://t.co/3Jd6aEZJ16
182,2015-02-05 21:21:22+00:00,Mister_Trev,"Ida B. Wells-Barnett was an American journalist, newspaper editor, leader in the Women's Suffrage‚Ä¶ http://t.co/wBqLgyUYSj"
183,2015-01-23 19:47:31+00:00,CLoDolo_,Mark my word mister @_Oz91_.  Blake Barnett will start as QB in 8 months for Bama.  =) this is your evidence for when I'm right üòÅ
184,2014-12-19 02:41:12+00:00,Alex_barnett_1,@lex_p0w fuck mister lex
185,2014-10-16 17:29:14+00:00,dataracetrack,"Resultado: Freehold Raceway, Car#: 3, 1er  3-Real Mystical; 2do  2-Stoman; 3ro  4-Mister Barnett N; 4th  5-Royal Todd;"
186,2014-10-08 03:14:39+00:00,OleMissODK,Congrats to ODK members Carter Barnett @mister_cartear and Stephan Castellanos @StephOnIt_ who were elected Campus Favorites!
187,2014-10-01 17:16:09+00:00,court_mcqueen,EVERYBODY!!! Vote for LASHAWN BARNETT AND CHRISTOPHER PEAY as Mister and Miss Queen City Eagles! Click‚Ä¶ http://t.co/JINa713uIO
188,2014-09-16 22:49:27+00:00,OOGBLOG,Mister Governor - http://t.co/nBPHNiiwz2 Classic stuff from Barnett. Still relevant.¬† http://t.co/VqF1zEt7yY
189,2014-09-12 23:41:44+00:00,mister_roberts,"#Milby volleyball vs. Carnegie is underway at Barnett. Support your school! Spiking and nachos, what more do you want? #GoLadyBuffs"
190,2014-09-10 00:01:01+00:00,mister_roberts,Support your school &amp; support your volleyball team! #Milby vs. CHAVEZ about to get started at Barnett #GoLadyBuffs #SameHerdDifferentPasture
191,2014-08-23 10:47:36+00:00,_pxsychedelic,"@MisterSmims half moon run, little comets, george barnett. take your pick mister smims(:"
192,2014-08-17 10:13:34+00:00,TezH77,Prrrttt speak for yourself mister! Ahaha #gigatownpor @kiwilad007 @Bobbie_Barnett @EmilyTutaki
193,2014-08-12 18:01:11+00:00,zacherylayne,Still LOLing at @emjstreet's reaction when she thought Ross Barnett was @mister_cartear's grandfather
194,2014-08-03 19:57:03+00:00,mister_pec,Courtney Barnett - Anonymous Club: http://t.co/pB1iRQFusN via @YouTube
195,2014-07-06 19:41:17+00:00,GC_hair4men,@DaleTedWatkins @ModernBarberMag @Best_Barbers @BritishBarbers love the Barnett mister!!
196,2014-06-21 06:39:15+00:00,MisTeR_aNgeL,"Stand-Up Saturdays: Charlie Barnett - Def Comedy Jam!: 

R.I.P September 23, 1954 √¢¬Ä¬ì March 16, 1996  Post... http://t.co/9R9Z10BXo9"
197,2014-06-18 18:02:07+00:00,MisTeR_aNgeL,Alabama snags coveted QB prospect Barnett: ESPN 300 signal-caller Blake Barnett has committed to Alabama. http://t.co/ThPdjNBFLt
198,2014-06-10 07:26:41+00:00,editionsPOL,"La Dispute, Arnaud Laporte Emily Barnett Elisabeth Franck-Dumas sur Mister d'Elsa Boyer (et le football) http://t.co/Oj4WtXFUdu"
199,2014-06-09 14:53:42+00:00,AlyssaVeee,Birthday Shoutout to a very good friend of mine Mister Kyle Barnett!  Happy happy Birthday Ky! I hope‚Ä¶ http://t.co/1e3x9l8C4Y
200,2014-06-08 22:12:07+00:00,coachjjking,Thank ya Mister Barnett!! :-) Thank you for the opportunity to rock your stage...can't wait til next time!! http://t.co/oJ2O3WE4yZ
201,2014-05-29 20:59:47+00:00,elibarnett96,@Mister_Scarber @mariah_barnett üòë
202,2014-05-29 20:42:04+00:00,elibarnett96,@mariah_barnett @Mister_Scarber
203,2014-05-28 08:43:20+00:00,editionsPOL,"""Une fable sportive remarquable"", Emily Barnett  @lesinrocks sur ""Mister"" d'Elsa Boyer,  sur le milieu du ballon rond http://t.co/Dua84tz6m6"
204,2014-04-27 17:04:18+00:00,mister_pec,Courtney Barnett: Avant Gardener: http://t.co/Xr6r3ZxZTN via @YouTube
205,2014-04-20 15:44:07+00:00,Mister_Soup,‚ô´ Porcelain ‚Äì Courtney Barnett http://t.co/Gccxqu8m9D #NowPlaying
206,2014-04-17 13:25:57+00:00,jacqui_barnett,Nice to meet Mister Dawson! Look for the new acquaintances in the streets of London! http://t.co/nUeOOU4smv #iPhone #iPhoneG...
207,2014-04-15 14:44:54+00:00,jacqui_barnett,Nice to meet Mister Dawson! Look for the new acquaintances in the streets of London! http://t.co/nUeOOU4smv #iPhone #iPhoneG...
208,2014-04-06 20:12:07+00:00,jacqui_barnett,Nice to meet Mister Dawson! Look for the new acquaintances in the streets of London! http://t.co/nUeOOU4smv #iPad #iPadGames...
209,2014-04-05 00:40:37+00:00,jacqui_barnett,Nice to meet Mister Dawson! Look for the new acquaintances in the streets of London! http://t.co/nUeOOU4smv #iPad #iPadGames...
210,2014-04-03 22:38:28+00:00,jacqui_barnett,Nice to meet Mister Dawson! Look for the new acquaintances in the streets of London! http://t.co/lW9RPMwAtu #iPhone #iPhoneG...
211,2014-03-19 01:21:49+00:00,jacqui_barnett,Nice to meet Mister Dawson! Look for the new acquaintances in the streets of London! http://t.co/nUeOOU4smv #iPhone #iPhoneG...
212,2014-03-17 13:19:34+00:00,jacqui_barnett,Nice to meet Mister Dawson! Look for the new acquaintances in the streets of London! http://t.co/nUeOOU4smv #iPhone #iPhoneG...
213,2014-03-15 02:44:41+00:00,jacqui_barnett,Nice to meet Mister Dawson! Look for the new acquaintances in the streets of London! http://t.co/nUeOOU4smv #iPhone #iPhoneG...
214,2014-03-13 01:35:50+00:00,jacqui_barnett,Nice to meet Mister Dawson! Look for the new acquaintances in the streets of London! http://t.co/nUeOOU4smv #iPhone #iPhoneG...
215,2014-03-09 06:44:23+00:00,jacqui_barnett,Nice to meet Mister Dawson! Look for the new acquaintances in the streets of London! http://t.co/nUeOOU4smv #iPhone #iPhoneG...
216,2014-03-06 22:11:20+00:00,Brandoon_Kidd,‚Äú@mister_roberts: Get over to Barnett and support #Milby softball vs. Austin. #GoLadyBuffs‚Äù‚öæÔ∏è
217,2014-03-06 22:10:49+00:00,mister_roberts,Get over to Barnett and support #Milby softball vs. Austin. #GoLadyBuffs
218,2014-03-05 03:15:45+00:00,jacqui_barnett,Nice to meet Mister Dawson! Look for the new acquaintances in the streets of London! http://t.co/nUeOOU4smv #iPhone #iPhoneG...
219,2014-03-04 22:09:14+00:00,jacqui_barnett,Nice to meet Mister Dawson! Look for the new acquaintances in the streets of London! http://t.co/nUeOOU4smv #iPad #iPadGames...
220,2014-03-03 15:11:18+00:00,jacqui_barnett,Nice to meet Mister Dawson! Look for the new acquaintances in the streets of London! http://t.co/nUeOOU4smv #iPhone #iPhoneG...
221,2014-03-01 02:57:59+00:00,Mister_Miracle,@dandibley @warriors @1 hatin on Fitz n Barnett? That's garbage Dibs ...
222,2014-02-25 10:17:49+00:00,mister_pec,#youtube George Barnett 'Animal Keeper' | BRITs Week LIVE | Transmitter http://t.co/z0zAgUZ9NA
223,2014-02-20 20:51:51+00:00,JoeyHopper,"@barnettt_ @DCookie94 barnett mister hypocrite, slagging arsenal off for being dominated but when chelsea were, ""oh no all If's &amp; buts"" lmao"
224,2014-02-16 04:56:38+00:00,TheissToMeetYou,If you don't think it's cool that Principal Barnett from Shaffer was a recurring character on Mister Rogers' Neighborhood then get out.
225,2014-02-16 00:24:51+00:00,mister_hooper,@universalhub Barnett is now comparing snow to gorilla glue. sponsor opportunity?
226,2014-01-22 01:02:49+00:00,ItsAngelToYou,"@Barnett_Connor *stands* only my old school principal gets called Mister.  And you are not him.  See you 'round, Connor. *strolls off*"
227,2014-01-14 03:45:18+00:00,Mister_Cassidy,@Stupendous1234 @mister__cassidy STOP. That's Mr. Barnett and you'll just have to deal. That's his spot now.
228,2014-01-13 22:24:02+00:00,Mister_JBrooks,@g_love36330 Barnett and yes
229,2014-01-06 21:34:31+00:00,Gerry_McGregor,@ScotlandTonight @NicolaSturgeon @acarmichaelmp Effect be on Barnett if Holyrood alter rate of income tax or W'mister alters &amp; H'rood don't
230,2014-01-06 03:51:39+00:00,jacqui_barnett,Nice to meet Mister Dawson! Look for the new acquaintances in the streets of London! http://t.co/nUeOOTMj8n #iPhone #iPhoneG...
231,2014-01-06 03:19:29+00:00,jacqui_barnett,Nice to meet Mister Dawson! Look for the new acquaintances in the streets of London! http://t.co/nUeOOTMj8n #iPhone #iPhoneG...
232,2014-01-03 02:16:32+00:00,jacqui_barnett,Nice to meet Mister Dawson! Look for the new acquaintances in the streets of London! http://t.co/nUeOOTMj8n #iPhone #iPhoneG...
233,2014-01-01 11:48:37+00:00,jacqui_barnett,Nice to meet Mister Dawson! Look for the new acquaintances in the streets of London! http://t.co/nUeOOTMj8n #iPhone #iPhoneG...
234,2013-12-31 15:34:47+00:00,jacqui_barnett,Nice to meet Mister Dawson! Look for the new acquaintances in the streets of London! http://t.co/nUeOOTMj8n #iPhone #iPhoneG...
235,2013-12-31 01:29:13+00:00,jacqui_barnett,Nice to meet Mister Dawson! Look for the new acquaintances in the streets of London! http://t.co/nUeOOTMj8n #iPhone #iPhoneG...
236,2013-12-30 03:28:10+00:00,jacqui_barnett,Nice to meet Mister Dawson! Look for the new acquaintances in the streets of London! http://t.co/nUeOOTMj8n #iPhone #iPhoneG...
237,2013-12-29 17:40:51+00:00,jacqui_barnett,Nice to meet Mister Dawson! Look for the new acquaintances in the streets of London! http://t.co/nUeOOTMj8n #iPhone #iPhoneG...
238,2013-12-29 04:09:04+00:00,mister_darsey,#UFC168 goddamn he just did the josh barnett signature sign to knock out barnett
239,2013-12-29 03:02:40+00:00,Mister_Young,"Weidman vs Silva, Rousey vs Tate, Barnett vs Browne... DAMN! #UFC168 time baby!"
240,2013-12-19 17:08:19+00:00,Mister_Soup,Nouveau favori : The Double EP: A Sea of Split Peas de Courtney Barnett http://t.co/OB2iq81x6b @DeezerBelgium
241,2013-12-19 17:07:22+00:00,Mister_Soup,Nouveau favori : Courtney Barnett http://t.co/GLuamg8WCd @DeezerBelgium
242,2013-12-13 14:51:21+00:00,absolute_cooks,"@Cris_Barnett *doffs cap to Mister Barnett* (Bravo, but you can't enter your own photo's competition) @ChefTomKerridge"
243,2013-12-05 01:56:50+00:00,jacqui_barnett,Nice to meet Mister Dawson! Look for the new acquaintances in the streets of London! http://t.co/nUeOOTMj8n #iPhone #iPhoneG...
244,2013-12-05 01:17:47+00:00,jacqui_barnett,Nice to meet Mister Dawson! Look for the new acquaintances in the streets of London! http://t.co/nUeOOTMj8n #iPhone #iPhoneG...
245,2013-12-04 17:43:23+00:00,jacqui_barnett,Nice to meet Mister Dawson! Look for the new acquaintances in the streets of London! http://t.co/nUeOOTMj8n #iPhone #iPhoneG...
246,2013-12-04 11:30:34+00:00,jacqui_barnett,Nice to meet Mister Dawson! Look for the new acquaintances in the streets of London! http://t.co/nUeOOTMj8n #iPhone #iPhoneG...
247,2013-12-03 23:26:10+00:00,jacqui_barnett,Nice to meet Mister Dawson! Look for the new acquaintances in the streets of London! http://t.co/nUeOOTMj8n #iPhone #iPhoneG...
248,2013-12-03 21:20:31+00:00,jacqui_barnett,Nice to meet Mister Dawson! Look for the new acquaintances in the streets of London! http://t.co/nUeOOTMj8n #iPhone #iPhoneG...
249,2013-12-03 20:56:22+00:00,jacqui_barnett,Nice to meet Mister Dawson! Look for the new acquaintances in the streets of London! http://t.co/nUeOOTMj8n #iPhone #iPhoneG...
250,2013-12-03 20:12:52+00:00,jacqui_barnett,Nice to meet Mister Dawson! Look for the new acquaintances in the streets of London! http://t.co/nUeOOTMj8n #iPhone #iPhoneG...
251,2013-12-03 18:20:22+00:00,jacqui_barnett,Nice to meet Mister Dawson! Look for the new acquaintances in the streets of London! http://t.co/nUeOOTMj8n #iPhone #iPhoneG...
252,2013-12-03 03:15:59+00:00,benoit_max,"We had a class once
We did last year actually
Mister Barnett rules

A haiku‚Ä¶
@kirsy101"
253,2013-12-03 02:51:47+00:00,jacqui_barnett,Nice to meet Mister Dawson! Look for the new acquaintances in the streets of London! http://t.co/nUeOOTMj8n #iPhone #iPhoneG...
254,2013-12-03 02:20:20+00:00,jacqui_barnett,Nice to meet Mister Dawson! Look for the new acquaintances in the streets of London! http://t.co/nUeOOTMj8n #iPhone #iPhoneG...
255,2013-12-01 21:44:49+00:00,anna_barnett,hello mister please to meet ya
256,2013-12-01 16:51:58+00:00,jacqui_barnett,Nice to meet Mister Dawson! Look for the new acquaintances in the streets of London! http://t.co/nUeOOTMj8n #iPhone #iPhoneG...
257,2013-11-30 07:27:04+00:00,jacqui_barnett,Nice to meet Mister Dawson! Look for the new acquaintances in the streets of London! http://t.co/nUeOOTMj8n #iPhone #iPhoneG...
258,2013-11-30 03:33:09+00:00,jacqui_barnett,Nice to meet Mister Dawson! Look for the new acquaintances in the streets of London! http://t.co/nUeOOTMj8n #iPhone #iPhoneG...
259,2013-11-29 15:16:46+00:00,jacqui_barnett,Nice to meet Mister Dawson! Look for the new acquaintances in the streets of London! http://t.co/nUeOOTMj8n #iPhone #iPhoneG...
260,2013-11-29 00:16:28+00:00,jacqui_barnett,Nice to meet Mister Dawson! Look for the new acquaintances in the streets of London! http://t.co/nUeOOTMj8n #iPhone #iPhoneG...
261,2013-11-28 12:11:44+00:00,jacqui_barnett,Nice to meet Mister Dawson! Look for the new acquaintances in the streets of London! http://t.co/nUeOOTMj8n #iPhone #iPhoneG...
262,2013-11-11 23:19:23+00:00,jacqui_barnett,Nice to meet Mister Dawson! Look for the new acquaintances in the streets of London! http://t.co/nUeOOTMj8n #iPhone #iPhoneG...
263,2013-11-11 21:08:11+00:00,jacqui_barnett,Nice to meet Mister Dawson! Look for the new acquaintances in the streets of London! http://t.co/xQqgVEmUH4 #iPhone #iPhoneG...
264,2013-11-10 06:42:21+00:00,jacqui_barnett,Nice to meet Mister Dawson! Look for the new acquaintances in the streets of London! http://t.co/nUeOOTMj8n #iPhone #iPhoneG...
265,2013-11-09 22:19:37+00:00,jacqui_barnett,Nice to meet Mister Dawson! Look for the new acquaintances in the streets of London! http://t.co/nUeOOTMj8n #iPhone #iPhoneG...
266,2013-11-09 21:59:13+00:00,jacqui_barnett,Nice to meet Mister Dawson! Look for the new acquaintances in the streets of London! http://t.co/nUeOOTMj8n #iPhone #iPhoneG...
267,2013-11-09 19:55:49+00:00,mister_roberts,"3-yd Touchdown run C. Jones after 56-yd pass to A. Rivers. #Milby 7, Waltrip 7 at the Half. Get down to Barnett for the 2nd half. Go Buffs!!"
268,2013-11-09 19:15:20+00:00,mister_roberts,You should be at Barnett if you go to #Milby our band and dancers and cheerleaders are fantastic.
269,2013-11-09 18:36:05+00:00,jacqui_barnett,Nice to meet Mister Dawson! Look for the new acquaintances in the streets of London! http://t.co/xQqgVEmUH4 #iPhone #iPhoneG...
270,2013-11-09 16:20:56+00:00,jacqui_barnett,Nice to meet Mister Dawson! Look for the new acquaintances in the streets of London! http://t.co/nUeOOTMj8n #iPhone #iPhoneG...
271,2013-11-09 15:37:29+00:00,jacqui_barnett,Nice to meet Mister Dawson! Look for the new acquaintances in the streets of London! http://t.co/nUeOOTMj8n #iPhone #iPhoneG...
272,2013-11-09 00:10:32+00:00,jacqui_barnett,Nice to meet Mister Dawson! Look for the new acquaintances in the streets of London! http://t.co/nUeOOTMj8n #iPhone #iPhoneG...
273,2013-11-08 19:51:26+00:00,jacqui_barnett,Nice to meet Mister Dawson! Look for the new acquaintances in the streets of London! http://t.co/nUeOOTMj8n #iPhone #iPhoneG...
274,2013-11-08 17:01:38+00:00,jacqui_barnett,Nice to meet Mister Dawson! Look for the new acquaintances in the streets of London! http://t.co/nUeOOTMj8n #iPhone #iPhoneG...
275,2013-11-08 06:34:24+00:00,jacqui_barnett,Nice to meet Mister Dawson! Look for the new acquaintances in the streets of London! http://t.co/nUeOOTMj8n #iPhone #iPhoneG...
276,2013-11-07 18:18:45+00:00,jacqui_barnett,Nice to meet Mister Dawson! Look for the new acquaintances in the streets of London! http://t.co/nUeOOTMj8n #iPhone #iPhoneG...
277,2013-11-07 14:58:08+00:00,jacqui_barnett,Nice to meet Mister Dawson! Look for the new acquaintances in the streets of London! http://t.co/nUeOOTMj8n #iPhone #iPhoneG...
278,2013-11-06 03:56:37+00:00,jacqui_barnett,Nice to meet Mister Dawson! Look for the new acquaintances in the streets of London! http://t.co/nUeOOTMj8n #iPhone #iPhoneG...
279,2013-11-04 20:06:53+00:00,jacqui_barnett,Nice to meet Mister Dawson! Look for the new acquaintances in the streets of London! http://t.co/nUeOOTMj8n #iPhone #iPhoneG...
280,2013-11-04 19:28:59+00:00,jacqui_barnett,Nice to meet Mister Dawson! Look for the new acquaintances in the streets of London! http://t.co/nUeOOTMj8n #iPhone #iPhoneG...
281,2013-11-04 13:20:58+00:00,lvgcommunities,Colin Barnett backs Troy Buswell over son's driving test http://t.co/AyjreSIhvY via @zite mister controversial strikes again
282,2013-11-03 17:07:42+00:00,jacqui_barnett,Nice to meet Mister Dawson! Look for the new acquaintances in the streets of London! http://t.co/nUeOOTMj8n #iPhone #iPhoneG...
283,2013-11-03 16:36:55+00:00,jacqui_barnett,Nice to meet Mister Dawson! Look for the new acquaintances in the streets of London! http://t.co/xQqgVEmUH4 #iPhone #iPhoneG...
284,2013-11-03 01:07:38+00:00,jacqui_barnett,Nice to meet Mister Dawson! Look for the new acquaintances in the streets of London! http://t.co/xQqgVEmUH4 #iPhone #iPhoneG...
285,2013-11-03 00:56:14+00:00,jacqui_barnett,Nice to meet Mister Dawson! Look for the new acquaintances in the streets of London! http://t.co/xQqgVEmUH4 #iPhone #iPhoneG...
286,2013-11-03 00:38:37+00:00,jacqui_barnett,Nice to meet Mister Dawson! Look for the new acquaintances in the streets of London! http://t.co/xQqgVEmUH4 #iPhone #iPhoneG...
287,2013-11-03 00:10:43+00:00,jacqui_barnett,Nice to meet Mister Dawson! Look for the new acquaintances in the streets of London! http://t.co/nUeOOTMj8n #iPhone #iPhoneG...
288,2013-11-02 23:46:12+00:00,jacqui_barnett,Nice to meet Mister Dawson! Look for the new acquaintances in the streets of London! http://t.co/xQqgVEmUH4 #iPhone #iPhoneG...
289,2013-10-29 19:28:10+00:00,jacqui_barnett,Nice to meet Mister Dawson! Look for the new acquaintances in the streets of London! http://t.co/nUeOOTMj8n #iPhone #iPhoneG...
290,2013-10-14 16:31:18+00:00,El__Mister,"El agente de Gareth Bale, Jonathan Barnett, ventil√≥ a Florentino P√©rez y afirm√≥ que el gal√©s cost√≥ 101 mde y no 91 como asegur√≥ el presi."
291,2013-09-29 19:19:39+00:00,jacqui_barnett,Nice to meet Mister Dawson! Look for the new acquaintances in the streets of London! http://t.co/nUeOOTMj8n #iPhone #iPhoneG...
292,2013-09-29 17:14:34+00:00,jacqui_barnett,Nice to meet Mister Dawson! Look for the new acquaintances in the streets of London! http://t.co/nUeOOTMj8n #iPhone #iPhoneG...
293,2013-09-26 00:06:23+00:00,jacqui_barnett,Nice to meet Mister Dawson! Look for the new acquaintances in the streets of London! http://t.co/xQqgVEmUH4 #iPhone #iPhoneG...
294,2013-09-24 15:24:13+00:00,jacqui_barnett,Nice to meet Mister Dawson! Look for the new acquaintances in the streets of London! http://t.co/nUeOOTMj8n #iPhone #iPhoneG...
295,2013-09-23 22:50:31+00:00,jacqui_barnett,Nice to meet Mister Dawson! Look for the new acquaintances in the streets of London! http://t.co/xQqgVEmUH4 #iPhone #iPhoneG...
296,2013-09-23 22:20:25+00:00,jacqui_barnett,Nice to meet Mister Dawson! Look for the new acquaintances in the streets of London! http://t.co/nUeOOTMj8n #iPhone #iPhoneG...
297,2013-09-23 14:36:48+00:00,jacqui_barnett,Nice to meet Mister Dawson! Look for the new acquaintances in the streets of London! http://t.co/nUeOOTMj8n #iPhone #iPhoneG...
298,2013-09-23 03:38:08+00:00,jacqui_barnett,Nice to meet Mister Dawson! Look for the new acquaintances in the streets of London! http://t.co/nUeOOTMj8n #iPhone #iPhoneG...
299,2013-09-22 17:45:24+00:00,jacqui_barnett,Nice to meet Mister Dawson! Look for the new acquaintances in the streets of London! http://t.co/xQqgVEmUH4 #iPhone #iPhoneG...
300,2013-09-22 17:24:41+00:00,jacqui_barnett,Nice to meet Mister Dawson! Look for the new acquaintances in the streets of London! http://t.co/nUeOOTMj8n #iPhone #iPhoneG...
301,2013-09-22 01:10:38+00:00,jacqui_barnett,Nice to meet Mister Dawson! Look for the new acquaintances in the streets of London! http://t.co/xQqgVEmUH4 #iPhone #iPhoneG...
302,2013-09-22 01:04:29+00:00,jacqui_barnett,Nice to meet Mister Dawson! Look for the new acquaintances in the streets of London! http://t.co/nUeOOTMj8n #iPhone #iPhoneG...
303,2013-09-21 03:36:53+00:00,jacqui_barnett,Nice to meet Mister Dawson! Look for the new acquaintances in the streets of London! http://t.co/nUeOOTMj8n #iPhone #iPhoneG...
304,2013-09-20 15:43:54+00:00,jacqui_barnett,Nice to meet Mister Dawson! Look for the new acquaintances in the streets of London! http://t.co/nUeOOTMj8n #iPhone #iPhoneG...
305,2013-09-20 13:51:30+00:00,jacqui_barnett,Nice to meet Mister Dawson! Look for the new acquaintances in the streets of London! http://t.co/nUeOOTMj8n #iPhone #iPhoneG...
306,2013-09-20 05:24:29+00:00,jacqui_barnett,Nice to meet Mister Dawson! Look for the new acquaintances in the streets of London! http://t.co/nUeOOTMj8n #iPhone #iPhoneG...
307,2013-09-20 00:27:36+00:00,jacqui_barnett,Nice to meet Mister Dawson! Look for the new acquaintances in the streets of London! http://t.co/nUeOOTMj8n #iPhone #iPhoneG...
308,2013-09-19 23:51:27+00:00,jacqui_barnett,Nice to meet Mister Dawson! Look for the new acquaintances in the streets of London! http://t.co/nUeOOTMj8n #iPhone #iPhoneG...
309,2013-09-19 22:47:43+00:00,jacqui_barnett,Nice to meet Mister Dawson! Look for the new acquaintances in the streets of London! http://t.co/xQqgVEmUH4 #iPhone #iPhoneG...
310,2013-09-19 20:58:07+00:00,jacqui_barnett,Nice to meet Mister Dawson! Look for the new acquaintances in the streets of London! http://t.co/nUeOOTMj8n #iPhone #iPhoneG...
311,2013-09-15 20:57:59+00:00,kamrynknott,@barnett_cory zip it mister Barnett!
312,2013-09-08 09:03:59+00:00,chlosifxo,@Kayy_Barnett I know you would! You're my sister from another mister ya plank :)
313,2013-09-01 04:32:17+00:00,Mister_Young,"Whew! What a string of finishes! #ufc164 Beautiful armbar by #pettis, and devastating knee by #barnett http://t.co/aLZoKQjtCv"
314,2013-09-01 03:43:02+00:00,v19ilante,Mir can box a lil so yea i get yur point RT @King_Of_Caps: ‚Äú@MISTER_FOH: Frank Mir going down‚Äù if Barnett gets him down he will
315,2013-08-27 20:34:03+00:00,Mister_Zachary,"@BabyWildcat15 Yeah, I hear ya.  I had Dr. Barnett for Childhood Psych last semester though, and his term papers aren't that bad, I promise!"
316,2013-08-26 13:28:22+00:00,KassiSarahAnne,"5 top juniors ‚Äî uhhh, chase, cameron, sarah, abbey, and mister zane barnett. http://t.co/W6RQSt7O9Z"
317,2013-08-10 23:48:40+00:00,MissMurda954,Ya son cute!! RT @_MrBarnett Meet mister Gavin Barnett.. Man the world ain't ready for this one #instababy #handsome‚Ä¶ http://t.co/MBKEHADAaB
318,2013-07-27 20:56:16+00:00,anna_barnett,"hello mister, please to meet ya"
319,2013-07-01 16:59:52+00:00,barnett_ben,"Jennifer Lopez in Turkmenistan: 'Happy Birthday, Mister President!' http://t.co/kbjEZrKbMO"
320,2013-06-28 19:02:34+00:00,JonyBr10,Gran sesi√≥n por mister Barnett celebrando ese mundial da #CANARINHA ‚ÄòKevin Barnett - World Cup 2014 #MindPhuck ‚Äôhttps://t.co/oVeifidEEB
321,2013-06-23 10:12:09+00:00,barnett_ben,Mister Softee trucks charge up to $2 more in Midtown than other areas of the city http://t.co/U7OTWS3eyv
322,2013-06-21 02:42:57+00:00,jBoneZ33,@Barnett_12 you need to simmer down mister
323,2013-06-17 20:28:53+00:00,April_Barnett,"Broken Wings by Mr. Mister  http://t.co/BSnvHrqt4u
 #pandora"
324,2013-06-09 14:51:45+00:00,AlyssaVeee,BDAY S/O to #UrbanLegends @MrKBUrban .Happy Birthday Mister Barnett! Hope you have an amazing day &amp; many more bdays to come oxox God Bless
325,2013-06-03 04:46:06+00:00,darcicoleauthor,"@INukeYou Don't you dare yell at me in front of @maynicoleabbey, Mister Barnett. *cracks knuckles*"
326,2013-05-21 14:39:10+00:00,carlrobertmotto,OUR WORLD TODAY BY ERROL BARNETT OF CNN ( MISTER AFRICA) INSIDE OF AFRICA. http://t.co/woSWJ2FZe9
327,2013-05-21 09:14:17+00:00,carlrobertmotto,OUR WORLD TODAY BY ERROL BARNETT OF CNN ( MISTER AFRICA) http://t.co/VlTxYDCO49
328,2013-05-16 20:55:41+00:00,carlrobertmotto,OUR WORLD TODAY BY ERROL BARNETT OF CNN (MISTER AFRICA) INSIDE OF AFRICA. http://t.co/T5P7yMZp5r
329,2013-05-11 04:05:10+00:00,sallie6youtube,"NDIS - W.A. - Barnett - Shame on you mister playing political games to please Abbott.
~ http://t.co/gusO6YsmSJ #smiley ~"
330,2013-05-08 16:38:35+00:00,carlrobertmotto,"OUR WORLD TODAY BY ERROL BARNETT OF CNN, MISTER AFRICA ( INSIDE OF AFRICA) http://t.co/cOS1the2LS"
331,2013-05-06 20:11:30+00:00,mister_pec,Daft Punk - Get Lucky // George Barnett cover: http://t.co/wguOrYhz8B via @youtube
332,2013-05-02 23:58:36+00:00,barnett_baylee,@devin_costello3 I will not be calming down mister I think I know everything. üòê
333,2013-04-30 14:19:18+00:00,Inkal_pixels,pas mal du tout RT @Mister_Gu: Daft Punk - Get Lucky // George Barnett cover: http://t.co/Yc6bZHBPG2
334,2013-04-30 14:14:56+00:00,Mister_Gu,Daft Punk - Get Lucky // George Barnett cover: http://t.co/rJTFPJ2c0W
335,2013-04-26 22:49:46+00:00,carlrobertmotto,OUR AFRICA TODAY BY ERROL BARNETT OF CNN: MISTER AFRICA OR INSIDE OF AFRICA. http://t.co/gXBuaqgAm6
336,2013-04-22 19:44:13+00:00,carlrobertmotto,"OUR WORLD TODAY BY ERROL BARNETT OF CNN, MISTER AFRICA ( INSIDE OF AFRICA). http://t.co/Tj8bQHdTIX"
337,2013-04-19 13:12:33+00:00,carlrobertmotto,"OUR WORLD TODAY BY ERROL  BARNETT OF CNN, MISTER AFRICA ( INSIDE OF AFRICA ). http://t.co/3cNE3Fy98y"
338,2013-04-19 12:38:56+00:00,carlrobertmotto,"OUR WORLD TODAY WITH ERROL BARNETT CNN, MISTER AFRICA ( INSIDE OF AFRICA). http://t.co/mhwf0N4qbm"
339,2013-04-19 10:31:01+00:00,carlrobertmotto,OUR WORLD TODAY BY ERROL BARNETT CNN OR MISTER AFRICA. http://t.co/NOnYYfCRYR
340,2013-04-19 08:46:20+00:00,carlrobertmotto,OUR WORLD TODAY BY ERROL BARNETT CNN OR MISTER AFRICA. http://t.co/5fh0BnV3Xw
341,2013-04-16 02:25:38+00:00,daniele_barnett,@dshawnk13 is gonna get punched in the face #lemmetellyou Mister
342,2013-04-06 04:11:50+00:00,mister_roberts,One final thought: great to be back at Barnett on a Friday night without getting punched in the face! #Souff3astBeast
343,2013-04-01 21:30:09+00:00,MotorbikeChic,"Jonathan Creek on acid, simply marvellous @JogleJam @MisterBarnett #creek"
344,2013-03-27 19:08:32+00:00,MisterBarnett,Am I still here?
345,2013-03-23 05:52:37+00:00,Jade_barnett,I miss my mister Rob. @rickyyyyybobbyy he should be here on vacacione
346,2013-03-23 04:20:45+00:00,mister_roberts,Easily most memorable finish to any soccer season ever. Way to go down swinging @ Barnett c/o 13. If you missed our game you missed it! #SE
347,2013-03-22 03:27:07+00:00,mister_roberts,#GoLadyBuffs BIG GAME TOMORROW * LAST SENIOR HOME GAME c/o 13 * vs. Sharpstown @ 6:30pm @ Barnett SR #Souff3astBeast Playoff Seed/Dist. TBD
348,2013-03-20 16:22:42+00:00,marcus_barnett,@Stevens_Bell Happy Tweetday to youuu Mister Bell
349,2013-03-08 21:54:31+00:00,mister_roberts,Milby v Waltrip 4:30 Barnett playoff race is on! Plenty of good seats still available #GoLadyBuffs #Souff3astBeast
350,2013-03-01 16:08:36+00:00,mister_roberts,@svaldes58 @KaaayMo25 @dnaeee BARNETT 6:30 :D
351,2013-02-11 20:51:44+00:00,MisTeR_aNgeL,"Bills release veteran defenders Barnett, Wilson: The Buffalo Bills made their first significant moves on new coa... http://t.co/XMUlmzqz"
352,2013-02-09 23:38:00+00:00,holly_berk,"@MisterBarnett Busy rest of Feb, but beg of March is good. Still got flat in Brentford so do head West now and again.  I'll keep you posted."
353,2013-02-08 21:53:24+00:00,MisterBarnett,@holly_berk Just getting the hang of this teetingw malarkey. Would love to see you soon. Not working. World is my oyster. Wen shall we meet?
354,2013-02-08 21:48:00+00:00,MisterBarnett,@paulfoot or Rayoff?
355,2013-02-07 08:40:15+00:00,holly_berk,"@MisterBarnett Hi Nick, I have been hacked too.  I couldn't open the pic you sent me.....  Be so lovely to see you soon.  H x"
356,2013-02-06 18:07:01+00:00,MisterBarnett,"May have been hacked, just changed settings and run phone under the hot tap for a bit. Let me know if you still get dodgy tweets."
357,2013-02-05 21:47:49+00:00,mister_roberts,@MilbyFCLadies Barnett 4:30 v Austin get over here watch us #GoLadyBuffs #southeastbeast live tweets 4:30
358,2013-02-02 09:27:38+00:00,debbi_barnett,@HollyBellMummy if you can't have cake for breakfast on your birthday then the world is a sad sad place!!! Happy birthday to mister!
359,2013-02-01 14:15:03+00:00,MisterBarnett,"I just went #AllOut4Equality.  Join me in supporting @allout to push for equality for everyone, everywhere. https://t.co/92HYewyq"
360,2013-01-31 02:34:39+00:00,B_Barnett,I Am God/Mister Lies/Kirkwood West @ Mike ‚ÄòN‚Äô Molly‚Äôs‚Ä¶ http://t.co/v8XQsgtS
361,2013-01-30 20:49:46+00:00,MisterBarnett,"Waitrose West Ealing. Items not priced, items on offer but full price at checkout, plus just general store slovenliness."
362,2013-01-30 20:44:09+00:00,MisterBarnett,"Last day of January tomorrow, must get cracking."
363,2012-12-24 22:56:40+00:00,BU2FULGREEN1,@Barnett_4 These kids don't know you as daddy they think my Mister Mister is their father.
364,2012-12-19 00:47:19+00:00,Mister_Armand,@barnett_trent who was it?
365,2012-12-18 01:44:46+00:00,ShanksNwaar,"A Hr ya juste un mec que j'aime bien √©couter d'temps en temps et il est fort . 
#MisterBarnett :D"
366,2012-12-17 19:48:39+00:00,barnett_ben,Mister Rogers and Newtown: Quote and image goes viral:  ‚ÄúWhen I was a boy and I would see scary things in the ne... http://t.co/tSWGkhaH
367,2012-12-04 15:39:19+00:00,fables_tales,@Ed_Barnett mister eddy b. I did not know you play the drums.
368,2012-12-02 02:18:41+00:00,_paigggge,@Barnett_Dillon I did text you back Mister!
369,2012-11-14 03:11:45+00:00,kristin_galanti,@Pruitt_The_Boss awhhh yeah you already know !(; cus mister Barnett put me there lol :p
370,2012-10-19 05:01:53+00:00,SarcasticMiss89,"Hoping my baby feels better soon, gonna take care of him til he does! I love you mister Barnett! @DJBananaPuss"
371,2012-10-06 23:32:22+00:00,MisTeR_aNgeL,"Iowa State halts No. 15 TCU's 12-game streak: Jared Barnett threw three touchdowns to Josh Lenz, who later had a... http://t.co/eHbgfjnm"
372,2012-10-06 09:26:51+00:00,annsteele24,@Shon_Barnett dnt forget to close the window before you go to sleep mister.
373,2012-09-25 17:26:54+00:00,grandted212,@divorcecourt @RealJudgeLynn you got your work cut out for you today with Mister Barnett.
374,2012-09-13 03:08:14+00:00,sincerelymnj,So my nigga Mister Barnett was just on the damn news for burglary and shit!  Damn cuz! -____-
375,2012-09-13 01:41:47+00:00,mister_folgers,"‚Äú@mandolikesithot: Thanks to Ms. Barnett, I now know how to use punctuation. She's cool I guess‚Äù comes in handy doesnt it?!"
376,2012-09-13 01:26:17+00:00,mister_folgers,I have so many damn papers from mrs.barnett
377,2012-09-10 03:07:21+00:00,shelly_Barnett,@notd14u @thalializeth from another mister
378,2012-09-03 21:42:44+00:00,WillBoyde,@Benjo_Barnett Nice Geordie Shore quote how ever a crumby open day has deceived your eyes mister
379,2012-08-30 21:45:28+00:00,mister_folgers,@DanielDouchebag Barnett
380,2012-08-17 12:29:35+00:00,earthtoterra,"blue, barnett, baby naelitz and baby andrew got nominated for mister woodland&lt;3 best of luck, babies!"
381,2012-08-13 01:17:51+00:00,mister_elijah,Sharing a room with hunter Barnett at ironman was easily one of the worst experiences of my life #somessy #takemeback #jkcampsuckeddick
382,2012-08-08 06:49:53+00:00,mister_elijah,"""can you mapquest a hill""-hunter barnett"
383,2012-07-31 18:46:26+00:00,Young_Latrice,@Hugh_Barnett &amp; you've been missing mister
384,2012-07-18 23:22:40+00:00,MisterBarnett,"@Sheridansmith1 
I hope its all going well with Hedda, she can gabble on a bit. Looking forward to it though."
385,2012-07-18 23:17:27+00:00,MisterBarnett,"@RealTerryJones agree; maybe should have been called Supershite?
I hear droves are not watching!"
386,2012-07-18 23:01:15+00:00,MisterBarnett,Superstar? What is that all about? I haven't seen any stars yet and no soup either.
387,2012-07-17 13:53:38+00:00,rhys_barnett,@OllieTrickett9 no no no... i'll let you have Evangeline but I'm having Karen and Jenna!!! Hands off mister!!!
388,2012-07-09 08:02:08+00:00,Ivanmenjivar,"I m here in las Vegas! Is a relaxing city!     
Whit Miguel Yves mister Barnett and mma friends +small drinks to much ice on the drinks:)"
389,2012-07-01 16:16:37+00:00,abbey_barnett,@dirtydan116 why are you not here mister??
390,2012-06-18 00:27:12+00:00,paco_barnett,@thataaronharris sorry mister Oak. #traitor I have an exam to construct (in french) hahaha
391,2012-06-10 05:44:16+00:00,_josh_barnett,@Log_Lindsey @kkaseydoll TAKE WHO WHERE? IS SHE A NICE GIRL? REMEMBER YOUR CURFEW MISTER.
392,2012-06-08 01:16:34+00:00,itscrystalc_,Haha just looking at all these pictures of Mister Benjamin Barnett on tumblr makes me laugh &amp; smile!
393,2012-06-06 12:32:06+00:00,Mister_Mikey,‚Äú@BinkyFelstead: Thank u @Mister_Mikey for my beaut Barnett for @chattyman tonight! X‚Äù Always a pleasure my love! Have fun üòÑ
394,2012-06-06 12:26:26+00:00,BinkyFelstead,Thank u @Electric_W1 &amp; @Mister_Mikey for my beaut Barnett for @chattyman tonight! Will be back next week for my bday celebrations hair do! X
395,2012-06-03 14:53:25+00:00,Mister_Armand,@barnett_trent thanks
396,2012-05-08 03:09:25+00:00,Singlet0n,Just won trivia at #coppercellar with @louis_barnett @Mister_Deane and @sween_dawg @Virginia_Vol #freetab
397,2012-05-04 21:43:26+00:00,calvin_barnett,"hey there mister give me some cash, I'm high as hell and I'm ready to blast, i'm just 1 hit away from being passed out, young and assed out"
398,2012-04-28 03:42:26+00:00,Shickaa,@MaryJaneMonroe_ LOL who ? Mister Barnett?
399,2012-04-23 21:37:19+00:00,rhys_barnett,@jordanlowe why weren't you at the parade today mister??
400,2012-04-18 15:13:29+00:00,VikkysheZ,@ALEXD1NG oii mister I cut tha Barnett so keep ur mouth shut lol happy birthday @jimmyheyman  xx
401,2012-04-15 22:01:39+00:00,Mister_E_Hyde,"Kenny LeBlanc, Darren Barnett,Melissa Burrows, Christina, Georgina, Nacole, Mad, Tawanna and everyone who's supporting us we say stay close!"
402,2012-04-15 03:06:47+00:00,hailey_barnett,"To my best friend, my sister from another mister(: http://t.co/VPbNX1hL"
403,2012-04-02 21:09:13+00:00,sstteepphh22,"@Barnett_John Oh I know all about what you were up to, mister."
404,2012-03-20 23:39:46+00:00,Cleo_Barnett,@bluntcunts no worries. sending you my love mister!!
405,2012-03-20 17:49:57+00:00,barnett_ben,"#Teamfollowback : ‚ÄòMister Rogers &amp; Me‚Äô: Documentary honors children‚Äôs entertainer on his birthday: Today, March ... http://t.co/jOOUE2Kp"
406,2012-03-10 08:25:09+00:00,dave_dollaz,@mister_facebook nigga b on his barnett shit easy jezzy
407,2012-03-06 18:00:10+00:00,1liambarnett,"""@jemmarowell: @1liambarnett happy birthday mister barnett :D xx"" &lt; thanks miss rowell :) xx"
408,2012-03-04 03:39:59+00:00,kid_barnett,Lol.....txt/call me RT @UluvTash: @KI_BABEH what?! Son?! U have some explaining to do mister!
409,2012-03-03 19:49:47+00:00,Mister_Trev,My thoughts and prayers to the Barnett family and @tsuques during this time of tragedy.
410,2012-02-21 17:22:42+00:00,mister_joc,"@crawleytown FFS, now Barnett!!!! http://t.co/GepLL5fF #angryred"
411,2012-02-18 03:56:06+00:00,Mister_Andersvn,Bet y&#39;all thought I would get all deep and say somebody like Shirley Chisolm or Ida B Wells Barnett ....naw They are immortals to me
412,2012-02-06 08:25:36+00:00,kid_barnett,It's too late....u know imma kick yo ass RT @vmobb: Lmao right RT @pierced_cooch: @KI_BABEH lhh dnt beat my friend up PLZZ mister dnt @vmobb
413,2012-02-06 08:20:17+00:00,kid_barnett,Don't try to save her now...its too late RT @pierced_cooch: @KI_BABEH  lhh dnt beat my friend up PLZZ mister dnt @vmobb
414,2012-02-03 12:53:41+00:00,steven_barnett_,gave a thumbs up to Mister's comment: Right... give to the United Way... where almost 10% get used to help poor... http://t.co/24RhaXNk
415,2012-01-26 22:52:35+00:00,linds_gallagher,"‚Äú@EmojiStory:Here's the üïí that my üë¥ gave me, here's the üîë to my üöó, mister give it a üåÄ, but please, ‚ùå take the üëß."" @Katie_E_Barnett :)"
416,2012-01-17 04:19:12+00:00,Mister_Always,"In life, I only give 3 excuses: 1) Because I wanted to 2) Because I can & 3) Because I'm Rob %$@#~¬£‚Ç¨ Barnett, that's why"
417,2012-01-15 02:22:12+00:00,kid_barnett,Shortstop RT @KarmaCee: Forward RT @Mister_GQ Shooting Guard RT @_Truth__: TightEnd.. RT (cont) http://t.co/WV73YNAz
418,2012-01-08 23:31:00+00:00,kid_barnett,RT @RealRedBone227: RT @Mister_GQ: #DontTweetMyWholeGovernmentNameOnTwitter
419,2011-12-29 07:49:21+00:00,DDMFinP,@arielhelwani You watch your mouth mister... Jim Barnett is one of the most astute announcers in the game.  Kings announcers are way worse
420,2011-12-24 08:21:26+00:00,Mister_Always,The #1 export from the nation of Rob Barnett is bad ideas
421,2011-12-07 16:42:23+00:00,Will_Humphrey,"@tmbrntt @Blonde_M The game, young mister Barnett, is every man's key to TRUE ULTIMATE POWER with laydeez: http://t.co/52rgeLJR"
422,2011-11-03 04:27:55+00:00,SA_Hammett,@barnett_joel Ahhh it was so good to see YOU mister!!
423,2011-10-24 15:48:08+00:00,MsCheree25,@Barnett_Trump TMI mister... Kmsl
424,2011-10-10 20:39:53+00:00,mister_borogove,@othiym23 you'd also need to see a private email exchange between myself and Randy Barnett to get that middle part.
425,2011-09-24 23:48:45+00:00,Mister_Always,"#RobsRandomQuestionoftheDay If you had your own accompanying band, what would you name it? Mine would be Rob Barnett & The Nasty Habits"
426,2011-08-30 21:12:31+00:00,MisterBarnett,@GuidoFawkes  off with his parts!
427,2011-08-30 21:09:54+00:00,MisterBarnett,"Large lady spiders are invading the house, that's it Autumn is here."
428,2011-08-29 21:20:33+00:00,MisterBarnett,Carnival? No thanks I'm claustraphobic.
429,2011-08-29 21:19:26+00:00,MisterBarnett,"Eras are ending, its one of those pivotal weekends, beware the ides of pre September."
430,2011-08-29 21:17:12+00:00,MisterBarnett,God bless Frodesley
431,2011-08-25 18:07:17+00:00,debbi_barnett,@Tom_Colley 'ello mister!!! Welcome to twitsville!
432,2011-08-17 12:13:38+00:00,debbi_barnett,@jonny_goodchild awesome!!! Get you mister!!! Will be praying! Xxx
433,2011-07-08 16:03:09+00:00,jerseynygirl77,#FF @Mister_Social @Ahlephia @AlexsLemonade @bflay @B_Barnett @Damon_Bites
434,2011-06-20 05:25:37+00:00,Slighcetunes,Lol wah yaa sen him? RT @MysticDavis: Mister barnett RT @SlighceImage: A who dat? lol RT @MysticDavis: (cont) http://tl.gd/b7nt6g
435,2011-06-20 05:18:21+00:00,MysticDavis,Mister barnett RT @SlighceImage: A who dat? lol RT @MysticDavis: @SlighceImage I think ima send mr b sum stuff
436,2011-06-19 03:37:57+00:00,amesbelle,"Mister Barnett, I haz a scared.  @joshlbarnett  http://twitpic.com/5dlurc"
437,2011-06-16 17:45:55+00:00,kid_barnett,Or a home boy RT @niccibandana: a ho basket. a head bucket. a ham bone..? RT @Mister_RejeKT: Can somebody feel my old ass in on what a HB is
438,2011-06-15 07:41:58+00:00,MisterBarnett,"2nd cup of coffee, engine still misfiring."
439,2011-06-09 21:35:10+00:00,chey_barnett,@damieongentry I love you too!! :D haha(: I hope you know you are one of the main reasons I'm still in band mister! Lolz(:
440,2011-06-07 04:12:42+00:00,Cleo_Barnett,Just finished editing pics from the last @FirstThursdays and have them online later this week! Now off to meet with Mister Gomez to talk art
441,2011-05-22 23:02:01+00:00,MandiLaViii,Aye mister dont let T-Pain or that autotuner come near my plate RT @discojr: I sweeaaa T-Pain at barnett park!!!
442,2011-05-21 21:24:35+00:00,MisterBarnett,Tracy Bennett is amazing !! xx
443,2011-05-21 21:23:33+00:00,MisterBarnett,Tracy Bennett you are amazing!! xx
444,2011-03-30 19:18:39+00:00,CAur122,@Aaron_barnett haha oh like you are one to be judging mister!
445,2011-02-19 22:07:42+00:00,MisterBarnett,Just attended The 25th Annual Putnam County spelling bee. marvellous!
446,2011-02-14 22:44:35+00:00,MisterBarnett,valentines day? my arse...
447,2011-02-13 01:29:01+00:00,MisterBarnett,mmmm home made marmalade on toast mmmm
448,2011-02-13 01:24:55+00:00,MisterBarnett,"Kevin Eldon, what a show. just how many of him are there? I lost cunt; sorry count."
449,2011-02-12 22:21:45+00:00,Cleo_Barnett,Pretty gutted I missed out on buying a record from @MayerHawthorne last night....thanks for the muscial goodness Mister Hawthorne :)
450,2011-02-07 14:43:17+00:00,PTES,Thanks for your support @deBugged @TreesforCities @fandg21 @TheFoodBeat @praschli1 @antsinmypants99 and @MisterBarnett
451,2011-02-06 22:16:25+00:00,MisterBarnett,"@marcusbrig Nepotism on Ice, that's what we call it. what colour actually is nepotism? Oyster, peach, apricot?"
452,2011-02-06 19:56:39+00:00,MisterBarnett,Can't we make Sundays longer? Four hours would do it.
453,2011-02-06 03:08:52+00:00,MisterBarnett,@NerysAnnEvans surely there's an N missing?
454,2011-02-06 03:00:24+00:00,MisterBarnett,"Shaka Zulu, a mixture of inept service, less than average food and a permeating smell of piss. Enjoy!"
455,2011-02-05 14:57:15+00:00,MisterBarnett,"Again, no King Edwards in Waitrose West Ealing."
456,2011-01-31 19:41:13+00:00,CupcakeCooties,Just pestering Mister Barnett~
457,2011-01-01 02:48:27+00:00,ratty1,@mrSamuelBarnett Happy New Year Mister Barnett.x
458,2010-12-08 01:12:47+00:00,Chris__Barnett,@sammyskeetheart Lol check this out... Wiz Khalifa - Black and Yellow (Mister Gray Remix): http://bit.ly/g1RNPk
459,2010-11-26 14:04:16+00:00,DatBlackGurl,"@jerrybarnett Yes or No, mister barnett!"
460,2010-11-17 23:22:39+00:00,TracyJB87,@zach_barnett   --- you're in trouble. call me right now mister.
461,2010-10-10 00:00:19+00:00,Cleo_Barnett,@Grynch206 hope you have heaps of fun on your first big tour around the states! Very proud of you mister!!!
462,2010-10-07 13:16:21+00:00,Mister_DoughBoy,nick collins and nick barnett will not play this sunday forthe packers...thank god...
463,2010-10-07 02:45:13+00:00,Mister_Withers,"Packers LB Nick Barnett (wrist) to miss remainder of season...... Well that sucks, Clay Mathews just has to beast more now"
464,2010-08-05 11:01:06+00:00,eilykjane,"@bbarn89728 thank you very much, mister barnett, you're quite fantastic yourself! XD"
465,2010-06-13 07:51:06+00:00,BarnettHeads,@barnettohara hey mister :) would you mind sending us some facts in DM about you?:) we wanna post more barnett info:D -sonia
466,2010-05-24 22:35:41+00:00,CassidyBriann,I appreciate Mister Barnett.
467,2010-05-22 19:36:47+00:00,Cleo_Barnett,@Grynch206 what ya up to for your bday mister? I want to give you birthday wishes in person!!
468,2010-05-15 21:02:50+00:00,Mister_T_Bone,"Kansas 1st Congressional District: I'm With Tim  Huelskamp http://is.gd/cayiv Barnett=RINO, show him the door! #ks #GOP #tcot"
469,2010-05-14 21:35:41+00:00,KeisterBunny14,"@nickbarnett oh Mister Barnett, where are you? @WIGuys would like to see you LOL"
470,2010-04-22 21:56:07+00:00,Cleo_Barnett,"Music Video Release from @Grynch206 in my hometown of Seattle :) Good work mister, so proud of you! http://bit.ly/beZyHk"
471,2010-04-07 13:35:48+00:00,Renee_Warren,@_ian_barnett YAY Ian!   I knew it wouldn't take you long mister. You're a hot commodity.  Congrats!
472,2010-04-06 15:54:24+00:00,MisterBarnett,"Apparently I've not tweeted for six months, that'll be the time vortex i got lost in. I was only gone for ten minutes"
473,2010-03-06 21:05:08+00:00,FrickinWicked,"@Matthew_Barnett How wicked, mister man?"
474,2010-02-06 09:20:11+00:00,FrickinWicked,"@Matthew_Barnett How wicked, mister man?"
475,2009-12-18 14:12:12+00:00,ItsJust_BEANS,Im workin wit takrika Barnett.lmao thats what mister kinard
476,2009-12-06 08:17:06+00:00,Mister_Always,"Hi, Robert G.X. Barnett.
You have a new direct message:
@JayMewes: Who is this, and where you is?
Tell you what, high light of my day"
477,2009-11-18 15:02:53+00:00,Renee_Warren,@_ian_barnett Thank you Mister!   That was one of the most Twamazing compliments ever.
478,2009-10-15 20:46:14+00:00,Renee_Warren,@_ian_barnett Hey MIster.  I wont be at the Drake. Feeling pretty drab.  Sushi tomorrow though.  :)
479,2009-09-21 19:38:03+00:00,MisterBarnett,I'm wondering what to do next.
480,2009-08-03 06:53:30+00:00,Mister_Always,fair warning to all... I asked my brother to join... do you really want 2 Barnett's on your conscious? Let's find out together... SPJ & GX?
481,2009-07-27 16:22:00+00:00,MisterBarnett,Looking at Davey in the sun
482,2009-07-26 18:46:37+00:00,MisterBarnett,"@nerysannevans http://twitpic.com/bk9v3 - Did they have to ruin it with rice?
Sasserole goes with salad !"
483,2009-07-26 18:05:56+00:00,MisterBarnett,"Just planted Oleander and Macleaya.
Now enjoying champagne cocktail, not on public transport."
484,2009-07-23 22:03:11+00:00,MisterBarnett,"I am drinking rose wine and thinking about going to bed because it is late, and tomorrow the gas man cometh."
485,2009-06-15 22:44:03+00:00,Mister_Always,"@girlonferry just remember, ""Robert Barnett is a superior employee that should be given a raise and a promotion."" Throw that in there please"
486,2008-08-11 00:57:32+00:00,Mister_Always,"Fear a united Barnett front, or just ignore it as you have for the singular Barnett front"
487,2008-08-10 18:18:21+00:00,Mister_Always,"... Away from prying eyes and far away glances, my favorite place is here, with you here, under The Circumstances... 'Our Bridge' R. Barnett"
488,2008-07-31 05:48:49+00:00,Mister_Always,"Paging Dr. Barnett, paging Dr. Barnett, please report to jail, as you are not an actual acredited doctor of medicine performing surgeries"
489,2008-07-27 22:53:15+00:00,Mister_Always,"I'm the kewlest emo kid ever... My name is Robert Barnett, and I suffer from Emo Ego"
490,2008-07-27 00:32:50+00:00,Mister_Always,"I think I should get my brother to start twittering, you know, share the Barnett family love"
491,2008-07-19 05:01:34+00:00,Mister_Always,"Dear Denise, so you're not Amish, then? Too bad, Amish chicks are hot (My name is Robert Barnett, and I have a bonnet fetish)"
492,2008-07-08 14:26:47+00:00,Mister_Always,"@neechers Rob Barnett is my present, and future, although the ancient Sri Lankan god of Sexy, Ghu is most definately my past"
493,2008-06-19 00:48:11+00:00,Mister_Always,@laneyxkristyn isn't ironic that the best thing to happen to you (getting a Barnett baby) would be the worst thing that could happen to me?
494,2008-06-08 20:12:52+00:00,Mister_Always,is getting a promotion? already? Rob Barnett you smooth bastard you
495,2008-06-04 16:22:44+00:00,Mister_Always,is G.X. is The Forever Child is The McDago is Rob Barnett. How can one man be so many things? Magic
496,2008-06-02 18:19:06+00:00,Mister_Always,"@laneyxkristyn ok you and me then, and when you go back to Texas you can have my brother so you'll never be without a Barnett in your life"
497,2008-05-31 14:36:16+00:00,Mister_Always,an original poem in less than 140 characters by Robert G. X. Barnett
